﻿710259,Сотрудник 7,Главное подразделение 1,100051,1,3
710260,Сотрудник 8,Главное подразделение 1,100051,1,3
710261,Сотрудник 9,Подразделение 1.1,100053,2,2
710262,Сотрудник 10,Подразделение 1.1,100053,2,2
710263,Сотрудник 11,Подразделение 1.2,100054,2,2
710264,Сотрудник 12,Подразделение 1.2,100054,2,2
710271,Сотрудник 19,Подразделение 1.2.1,100060,3,3
710272,Сотрудник 20,Подразделение 1.2.1,100060,3,3
710273,Сотрудник 21,Подразделение 1.2.1,100060,3,3
710267,Сотрудник 15,Подразделение 1.1.1,100058,3,2
710268,Сотрудник 16,Подразделение 1.1.1,100058,3,2
710276,Сотрудник 24,Подразделение 1.2.1.1,100061,4,3
